{"cameraMode":{"drawMode":0,"name":"Shaded","section":"Shading Mode"},"sceneLighting":false,"audioPlay":false,"sceneViewState":{"showFog":true,"showMaterialUpdate":false,"showSkybox":false,"showFlares":true,"showImageEffects":true,"showParticleSystems":true},"in2DMode":false,"pivot":{"x":-0.08002989739179611,"y":0.045665740966796878,"z":-0.0028715133666992189},"rotation":{"x":0.051645513623952869,"y":-0.9469447135925293,"z":0.2492714822292328,"w":0.1961943805217743},"size":0.7491597533226013,"orthographic":false}