{"cameraMode":{"drawMode":0,"name":"Shaded","section":"Shading Mode"},"sceneLighting":false,"audioPlay":false,"sceneViewState":{"showFog":true,"showMaterialUpdate":false,"showSkybox":false,"showFlares":true,"showImageEffects":true,"showParticleSystems":true},"in2DMode":false,"pivot":{"x":-3.7451720237731935,"y":2.086643695831299,"z":-0.3691102862358093},"rotation":{"x":-0.01123972237110138,"y":0.9885137677192688,"z":-0.11708671599626541,"w":-0.09489414840936661},"size":1.3440008163452149,"orthographic":false}