{"cameraMode":{"drawMode":0,"name":"Shaded","section":"Shading Mode"},"sceneLighting":false,"audioPlay":false,"sceneViewState":{"showFog":true,"showMaterialUpdate":false,"showSkybox":false,"showFlares":true,"showImageEffects":true,"showParticleSystems":true},"in2DMode":false,"pivot":{"x":-4.074662685394287,"y":2.2672181129455568,"z":0.0581974983215332},"rotation":{"x":-0.03208613768219948,"y":0.8890181183815002,"z":-0.06305662542581558,"w":-0.45237287878990176},"size":0.7816022038459778,"orthographic":false}