{"cameraMode":{"drawMode":0,"name":"Shaded","section":"Shading Mode"},"sceneLighting":false,"audioPlay":false,"sceneViewState":{"showFog":true,"showMaterialUpdate":false,"showSkybox":false,"showFlares":true,"showImageEffects":true,"showParticleSystems":true},"in2DMode":false,"pivot":{"x":-0.0521240234375,"y":0.04046818986535072,"z":0.029681595042347909},"rotation":{"x":-0.057332996279001239,"y":0.9003663063049316,"z":-0.12504538893699647,"w":-0.4128161668777466},"size":0.6107164621353149,"orthographic":false}