{"cameraMode":{"drawMode":0,"name":"Shaded","section":"Shading Mode"},"sceneLighting":false,"audioPlay":false,"sceneViewState":{"showFog":true,"showMaterialUpdate":false,"showSkybox":true,"showFlares":true,"showImageEffects":true,"showParticleSystems":true},"in2DMode":false,"pivot":{"x":-1.2400554418563843,"y":0.7164285182952881,"z":0.5361380577087402},"rotation":{"x":0.03968414291739464,"y":-0.9589065313339233,"z":0.22340749204158784,"w":0.17033062875270844},"size":4.628344535827637,"orthographic":false}