{"cameraMode":{"drawMode":0,"name":"Shaded","section":"Shading Mode"},"sceneLighting":false,"audioPlay":false,"sceneViewState":{"showFog":true,"showMaterialUpdate":false,"showSkybox":false,"showFlares":true,"showImageEffects":true,"showParticleSystems":true},"in2DMode":false,"pivot":{"x":0.01667630672454834,"y":0.06373637169599533,"z":-0.023520968854427339},"rotation":{"x":-0.028473390266299249,"y":0.7251068353652954,"z":-0.030035043135285379,"w":-0.6873915791511536},"size":0.6107164621353149,"orthographic":false}