{"cameraMode":{"drawMode":0,"name":"Shaded","section":"Shading Mode"},"sceneLighting":false,"audioPlay":false,"sceneViewState":{"showFog":true,"showMaterialUpdate":false,"showSkybox":false,"showFlares":true,"showImageEffects":true,"showParticleSystems":true},"in2DMode":false,"pivot":{"x":-3.753751754760742,"y":0.5640401840209961,"z":1.6067497730255128},"rotation":{"x":-0.2762516140937805,"y":0.6539298295974731,"z":-0.27941879630088808,"w":-0.646518349647522},"size":0.9550496935844421,"orthographic":false}