{"cameraMode":{"drawMode":0,"name":"Shaded","section":"Shading Mode"},"sceneLighting":false,"audioPlay":false,"sceneViewState":{"showFog":true,"showMaterialUpdate":false,"showSkybox":false,"showFlares":true,"showImageEffects":true,"showParticleSystems":true},"in2DMode":false,"pivot":{"x":27.278467178344728,"y":9.437904357910157,"z":6.814592361450195},"rotation":{"x":0.013838991522789002,"y":0.9138989448547363,"z":0.40449923276901247,"w":-0.03126751258969307},"size":39.04887771606445,"orthographic":false}