{"cameraMode":{"drawMode":0,"name":"Shaded","section":"Shading Mode"},"sceneLighting":false,"audioPlay":false,"sceneViewState":{"showFog":true,"showMaterialUpdate":false,"showSkybox":true,"showFlares":true,"showImageEffects":true,"showParticleSystems":true},"in2DMode":false,"pivot":{"x":-1.3105039596557618,"y":0.7280089855194092,"z":-3.2175545692443849},"rotation":{"x":-0.00022851183894090354,"y":-0.996394693851471,"z":0.08479591459035874,"w":-0.002693482441827655},"size":7.557525634765625,"orthographic":false}